{
  "Boston": [-71.0588801, 42.3600825],
  "Taipei": [121.5654177, 25.0329694],
  "Houston": [-95.3698028, 29.7604267],
  "Seoul": [126.9779692, 37.566535],
  "New York": [-74.0059413, 40.7127837],
  "Charleston, SC": [-79.93105120000001, 32.7764749],
  "Savannah, GA": [-81.09983419999999, 32.0835407],
  "Jacksonville, FL": [-81.65565099999999, 30.3321838],
  "Austin": [-97.74306079999999, 30.267153],
  "San Antonio": [-98.49362819999999, 29.4241219],
  "Acadia National Park": [-68.27468358029151, 44.33720691970849],
  "Quebec City": [-71.2079809, 46.8138783],
  "Salt Lake City": [-111.8910474, 40.7607793],
  "Yellowstone National Park": [-110.5884542, 44.4279684]
}